Dropbox,Remote,Software Engineer Intern (Summer 2025),https://www.indeed.com/applystart?jk=3a969cc99e83297e&from=vj&pos=bottom&mvj=0&spon=0&sjdu=YmZE5d5THV8u75cuc0H6Y26AwfY51UOGmh3Z9h4OvXjrxDw0cLtC60iEVC8b3lDDL04zIxLO_-ZKidgLZJMI9flk-9NFZjjOSVDRoOBRK6ADkuFKjZwEOc6XcWYPx-tPFonta40KAMCws-CgS1RA1GYdpeadAEr-oeLuRC8Qpz9s1i5opC_0l1A-tPSca9RYCITeI_Azw3KcSOf4X9Vh1Q&asub=mob&astse=ba82d936a98dbdb1&assa=1503,30+ days ago
IBM,"Markham, ON",Software Developer Intern (January or May 2025 - 8-16 months),https://www.indeed.com/applystart?jk=0d2395c42a9d2b54&from=vj&pos=bottom&mvj=0&spon=0&sjdu=YmZE5d5THV8u75cuc0H6Y26AwfY51UOGmh3Z9h4OvXjeaHb-IwDD_VyrbBfJvFA1nw83pO3AUGODR575AgSo6LfoSZWdr9RgZ-XIRSDLr0qO8zLP5DuVu9YiYdoI_RaXSySU0YYE9-esSXaPjQudS1197on7l1Lb-krTsjEO0F6NzGg5PCmwCOfVqs9Z_5GCCITeI_Azw3KcSOf4X9Vh1Q&asub=mob&astse=013cf8dd42ca4b14&assa=8075,12 days ago
Thales,"Toronto, ON","Software Analyst - Intern (C, Python, wiki, and/or Gherkin)",https://www.indeed.com/applystart?jk=d808ff0f2bdc1db7&from=vj&pos=bottom&mvj=0&spon=0&sjdu=YmZE5d5THV8u75cuc0H6Y26AwfY51UOGmh3Z9h4OvXhgALbRqlRqdy59K2fCinV9N8sWtgAY2xdPkTG0k-Yy0gXD-SWO18U6rAY38KGBMI-KL3d3-bSkPFm-rKs3RktpImHEa2gcu7hiIiVYR7Qv0sBYx71mx3WgXbqu-Ga5r9kJrqH8tUB9YSdvVK0pgIdNCITeI_Azw3KcSOf4X9Vh1Q&asub=mob&astse=9e21e6786d34f9e5&assa=8721,3 days ago
Kinaxis Inc.,"Ottawa, ON","Co-op/Intern Software Engineer, AI Platform",https://www.indeed.com/applystart?jk=7297a40aa172cadc&from=vj&pos=bottom&mvj=0&spon=0&sjdu=YmZE5d5THV8u75cuc0H6Y26AwfY51UOGmh3Z9h4OvXhpY0FNoBm5d5kdaGz1CqSlgnAWL1s0J_Lyz0pY98WxQj_4L4skM7c45OlbT5IkVOoMmoXpcN9cKEHbC2kmNF3-qpB1f2wkBIvKgb-DQYy9RmWD0bSRKOSzl7P4HqZ8mRNDB2jqD3TEAbBEknUS9rfUCITeI_Azw3KcSOf4X9Vh1Q&asub=mob&astse=09a311e152bf9f47&assa=8081,11 days ago
Rekuten Global,"Toronto, ON",Intern - Software Engineer,https://www.indeed.com/applystart?jk=84f25910737c696b&from=vj&pos=bottom&mvj=0&spon=0&sjdu=YmZE5d5THV8u75cuc0H6Y26AwfY51UOGmh3Z9h4OvXiZekg1U_xNZ9npZfaHoV1oCZRwGZMZFCwK1ObHjfnkk56mbsrcwjImwVo2eGYP1dxsS_7ETUcDDD5TiJee3z3hNz4Q8vT3CbNPpHqpTBIDNK7L9-2KNbpSLNo1hsd8xIbvYH1Sd_DsX6fX6sltqEINCITeI_Azw3KcSOf4X9Vh1Q&asub=mob&astse=ce247666de03c166&assa=7593,25 days ago
TikTok,"Vancouver, BC",Software Engineer Intern (Data-TnS-Eng-Core Safety) - 2025 Start (BS/MS),https://www.indeed.com/applystart?jk=9374f546e31b2bb1&from=vj&pos=bottom&mvj=0&spon=0&sjdu=YmZE5d5THV8u75cuc0H6Y26AwfY51UOGmh3Z9h4OvXjlu2CgL6rAsfLXlVa51tjyIfWqM8ehBzQr4SpuBHYSKHtxL18Z9u3o0fdoItz1kttVKVbE4gsjSTwbzmfEflioAhfrltzSqC5l1iGjmpdAuCAdJ_SUQQhjq9YEy7ViG6_xLi8f278DH_MGBqtxRnByCITeI_Azw3KcSOf4X9Vh1Q&asub=mob&astse=98c1ea1fe0f88745&assa=2419,13 days ago
Rakuten,"Toronto, ON",Intern - Software Engineer,https://www.indeed.com/applystart?jk=5a0053112d24e0e3&from=vj&pos=bottom&mvj=0&spon=0&sjdu=YmZE5d5THV8u75cuc0H6Y26AwfY51UOGmh3Z9h4OvXhiMiZQXVQ1IlYN2J9Hn4AUhUjBpDpzYDbaKtv9ti4IekJ90PsfzjIN7vzBOKJlxMODrQM1NWXZ5Zk_lqQVxtzjVlZFAiQwv0lkvbUZQTKKqLR25wvtjQcJGiPww_hwYIhEq7Mulfc9F9daePJRMGLRCITeI_Azw3KcSOf4X9Vh1Q&asub=mob&astse=611c77e19ead0918&assa=5957,25 days ago
Microsoft,"Vancouver, BC",Software Engineer - The Coalition Winter Internship Opportunities,https://www.indeed.com/applystart?jk=3edab77b97619063&from=vj&pos=bottom&mvj=0&spon=0&sjdu=YmZE5d5THV8u75cuc0H6Y26AwfY51UOGmh3Z9h4OvXiZ62Zu-wWK2aCRx5SXEGkSrDPAhz2nwbvony6qAFuqHKkGoE_F6CTL8uK2FVpCy9yLmScpJUNNRdl7tUlPh85hv8Rs68EPEMVC7QUKP1L7otjYjPB6JIxfmLoX39hL-RlKi1so33nffxpVSzFC0AM3CITeI_Azw3KcSOf4X9Vh1Q&asub=mob&astse=23d8081ee31d00b5&assa=5545,30+ days ago
Amex,"Toronto, ON",Technology Software Engineer Intern - Winter 2025,https://www.indeed.com/applystart?jk=30750435f0fb5fbc&from=vj&pos=bottom&mvj=0&spon=0&sjdu=YmZE5d5THV8u75cuc0H6Y26AwfY51UOGmh3Z9h4OvXgJFMcOD0E_jD1mcyykM_4owevbPivSwXbwjTwfZSTgPuCgn1fwxR7Qp8oSxuh-7Wd9z8RMl26MY6sHybfQmRhA5sUG7bjyjPD3sX8nzh79JCsrgK2XawzpFwB6O9FobSOQE6byf4lDz6Af39uPlhqICITeI_Azw3KcSOf4X9Vh1Q&asub=mob&astse=8b13571103ecd799&assa=7584,13 days ago
Arcurve Inc.,"Calgary, AB",Intern Software Developer - January 2025,https://www.indeed.com/applystart?jk=1598a55d8ce1cec9&from=vj&pos=bottom&mvj=0&spon=0&sjdu=YmZE5d5THV8u75cuc0H6Y26AwfY51UOGmh3Z9h4OvXhmkp5Zwibwhd6X7DjqhZiGjIsPXx_UDqtAVdAUAv0mLR5OajatRgaxbojzpWXpwXGAnXxiYInv67MhaJg_Uz73ipEp1LE79cBz-UOOrVl3i36LRjCr_Cn1eBrhfD-2OSlwZKQb8pPxmcHsDLCSicWCCITeI_Azw3KcSOf4X9Vh1Q&asub=mob&astse=456a71910e74624c&assa=6870,6 days ago
"Amazon Canada Fulfillment Services, ULC","Toronto, ON",Amazon Robotics - Software Development Engineer Co-Op and Intern - 2025 - Toronto,https://www.indeed.com/applystart?jk=5d884f299cc392ed&from=vj&pos=bottom&mvj=0&spon=0&sjdu=YmZE5d5THV8u75cuc0H6Y26AwfY51UOGmh3Z9h4OvXi7OA8FF2MAC4J0iwpxMxJjsgUHtKgYYzgXdjRn5WBSuUWIl8MtD1mmM-iFgsqT4YJt7O7t4b72L-KokDD8vW6RghDWagv-E-eJyeJyd7V_HBV1m4dXgHV3UescBFdIafiRXfWJtVX2VdQRtw3ZhFUgCITeI_Azw3KcSOf4X9Vh1Q&asub=mob&astse=ae6c2780164df0bc&assa=1176,30+ days ago
Okta,Canada,Software Engineer Intern,https://www.indeed.com/applystart?jk=cc758623bf6a0114&from=vj&pos=bottom&mvj=0&spon=0&sjdu=YmZE5d5THV8u75cuc0H6Y26AwfY51UOGmh3Z9h4OvXgXo1N5F_sa3bE7oTa54F2wDM19CNqQuQ0CZ1aU8k3-OHc6B63gq8YkQ0AM5oPKkJGxMCNZ_OngaRwuvqtc0rh8nIZDROBKJMlc09Gj6Z7TcUoK-cRDApkF5Wn2fU72K61dula6NoQNqowyFG27goUJCITeI_Azw3KcSOf4X9Vh1Q&asub=mob&astse=e08271d043c286f6&assa=4627,27 days ago
Capital One,"Toronto, ON","Full Stack Software Engineer, Intern (Winter 2025)",https://www.indeed.com/applystart?jk=135b644f4d199656&from=vj&pos=bottom&mvj=0&spon=0&sjdu=YmZE5d5THV8u75cuc0H6Y26AwfY51UOGmh3Z9h4OvXhNoeq4WuBnSIjdqnKfk9sqnlL5xbFEQB3L2wKzkeoj3ZSYN72Y12qzwhT9hkp3hn4njN1OLRc5QNO586S59ggVbW7EjntZt6T1tOI7tR1--HwBENASZP34xDxS3k25stIPVA14RIXEhh7SpE_wbgZDCITeI_Azw3KcSOf4X9Vh1Q&asub=mob&astse=168d69a6c0a4f71c&assa=5260,28 days ago
Ericsson,"Mississauga, ON",Software Developer Intern,https://www.indeed.com/applystart?jk=83d7b812b72dec04&from=vj&pos=bottom&mvj=0&spon=0&sjdu=YmZE5d5THV8u75cuc0H6Y26AwfY51UOGmh3Z9h4OvXg0Z0L0tsnAOQOtJ-0gB4e3c-HDN0nzZicFmxP6AUx0rfgZjMhyyLmcKUhgHUu61VjewnspLxxTxdJzhPxHYHrJ240lI7lG9rdVNeOGqMHu0YBcXjI1yiGhjLX-MCS2VeQU73T5qX8T28LgFZpZtiJUCITeI_Azw3KcSOf4X9Vh1Q&asub=mob&astse=e4ded115920385f5&assa=8880,12 days ago
TikTok,"Vancouver, BC",Backend Software Engineer Intern (Data-TnS-Eng-Core Safety) - 2025 Start (BS/MS),https://www.indeed.com/applystart?jk=ab29b5da53081217&from=vj&pos=bottom&mvj=0&spon=0&sjdu=YmZE5d5THV8u75cuc0H6Y26AwfY51UOGmh3Z9h4OvXjXnli7PoQMfgqm9CwbipWi3RoElhaxlsh877GND9FsIazhp-rduXtp4QroI2bgxVb6IH3xCr5ZxQyR02Cx7W7M6BSEow8eduiogKLZ9fkHWzUyXujad5ggTIPzGexvyHbz1Ll4S0FbVQrQV4yZpkOOCITeI_Azw3KcSOf4X9Vh1Q&asub=mob&astse=71930fd95764f41e&assa=5670,26 days ago
Qualcomm,"Markham, ON",FY25 Intern - AI and DSP Software Engineering Internship - Canada (16 months),https://www.indeed.com/applystart?jk=f5e53c18187627c0&from=vj&pos=bottom&mvj=0&spon=0&sjdu=YmZE5d5THV8u75cuc0H6Y26AwfY51UOGmh3Z9h4OvXj6vP4094WBLvLAwBbs3iftiMw-bTsyyHPBnuQDGLuFlcLc8LxQcSEK2xaqeWypyGqBC7SquqY9rx4yr2fnBX7x3hDAmY31PC6bdglMyPh4Wzn1NtUG2Y_LkeMN_L5_qPnUPx1lPlcnfivVuyGdVxtSCITeI_Azw3KcSOf4X9Vh1Q&asub=mob&astse=a2f1dd3c30c2c5e7&assa=6817,1 day ago
Prophix Software Inc.,"Mississauga, ON",Software Developer Co-op/ Intern Student,https://www.indeed.com/applystart?jk=2f80b28ac9f7a243&from=vj&pos=bottom&mvj=0&spon=0&sjdu=YmZE5d5THV8u75cuc0H6Y26AwfY51UOGmh3Z9h4OvXiG7uQ17AibeprUG9dTDzEb1DXUhSVFYyrQpWhmahdB9lBpY6ZWGlhaajGc1NpwZEDPRUiud9QpZTqB9aecxpk4NhDV3MQGfjeTXcsoZmBfA7o6VwUwUdBi1BXNUcLHfbkcIavo_hCXkPsBjIu24uOfCITeI_Azw3KcSOf4X9Vh1Q&asub=mob&astse=3b198f9770af1075&assa=6492,26 days ago
INTEL,"Toronto, ON",Software and IP Engineering â€“ Internship Positions,https://www.indeed.com/applystart?jk=9b5b2a623c3c8620&from=vj&pos=bottom&mvj=0&spon=0&sjdu=YmZE5d5THV8u75cuc0H6Y26AwfY51UOGmh3Z9h4OvXh9qxoBiQCu6p7RlAXtieOMZGnJ-cZ7SFH2RREf9Gs6S0Bal8i10mZ3DQd7Uxc4ZUnr9OHb1sWzYD1Bu8F0zynbyTEbYtbMQwfwXZmupPiOu6WOoRMMbKUtdiwf30Z7UyC6XiHSBuLirxgNJHkzrnWMCITeI_Azw3KcSOf4X9Vh1Q&asub=mob&astse=e51b6f55cb3e21e0&assa=8037,13 days ago
Cisco Systems,"Kanata, ON",Software Engineer (Intern) Canada,https://www.indeed.com/applystart?jk=0e3cc5b40c850bb7&from=vj&pos=bottom&mvj=0&spon=0&sjdu=YmZE5d5THV8u75cuc0H6Y26AwfY51UOGmh3Z9h4OvXhR_qjEy1rnbnlbGQ99ifI8MMzR_Rm1Ja7m9eTXBoaksnJ9ME_D1UOQy0ToN7SdQq70JxzoNP_ThDNQeN6ijPpX4M-N4CRP6dSUBWG-ZitEM5tlsRh_vcYWjWd3wdCEhRLAVm6koDdIQtYtJPG8T_rxCITeI_Azw3KcSOf4X9Vh1Q&asub=mob&astse=4785de74e1d9b33d&assa=7410,30+ days ago
MesoMat,"Hamilton, ON",Co-op Software Engineer,https://www.indeed.com/applystart?jk=c47b9af675de93d3&from=vj&pos=bottom&mvj=0&spon=0&sjdu=UDrgIywAI3fDir514Y2dunfIuWDOcAdEcjuPe1J6NK0&asub=mob&astse=5268f0ec9a79525b&assa=6900,30+ days ago
Wayfair,"Toronto, ON",Software Engineering Intern - Summer 2025 (Toronto),https://www.indeed.com/applystart?jk=04c0398046d49f69&from=vj&pos=bottom&mvj=0&spon=0&sjdu=YmZE5d5THV8u75cuc0H6Y26AwfY51UOGmh3Z9h4OvXiB1aCnJWyobzK9Lw4ifdJ0v9OcS0uMncnYZDmMZefbcTr1WvJpHe7yWnqs-E-Hzr_JqrVPPooIuZuSYi2YBPmeHSKYpIlcyXg7GfntA31ps-D65jGRZ5b_jPBtJO0p8wFIZZApTAn28gC66k3vVBhPCITeI_Azw3KcSOf4X9Vh1Q&asub=mob&astse=153f958ae17b8797&assa=6421,3 days ago
BMO Financial Group,"Toronto, ON","Junior Software Developer, Winter 2025 (Co-op/Internship) - 4 months",https://www.indeed.com/applystart?jk=d2815793cf53f939&from=vj&pos=bottom&mvj=0&spon=0&sjdu=YmZE5d5THV8u75cuc0H6Y26AwfY51UOGmh3Z9h4OvXiTBR8KFv7UuL91Rfu3v-5niD_4u_cocad5kUGL9rfGghJjRVeGexgiSwiFfqvr3aX6ErpQCAoOF8E3kTZIZr_uNlfennl7XJJemnv8nk8Wov7cKttjGbdl85uEXeuhEMH3vszl1ce3s2-29AuD2rqOCITeI_Azw3KcSOf4X9Vh1Q&asub=mob&astse=0e6ac02cd0edff8a&assa=685,6 days ago
Lumentum,"Ottawa, ON",Software Automation Engineer Co-op/Intern,https://www.indeed.com/applystart?jk=4416f23cb52d7fc4&from=vj&pos=bottom&mvj=0&spon=0&sjdu=YmZE5d5THV8u75cuc0H6Y26AwfY51UOGmh3Z9h4OvXgto49kVd48DCujwCOXjPz4L6pRv2RdsFF2gDrKIYWwqR6EaSO1Ade21D-t6b5wAnOT7oOXb0CHaNt6-ZvgDFEHBACcDifdHAj7A_RQ3Phv7yQHcp9qEGQqSi2fE527Py_U2McCRgo-3rgOvUFtVWeDCITeI_Azw3KcSOf4X9Vh1Q&asub=mob&astse=60ee600042dfb714&assa=8367,29 days ago
SquareShift Technologies,"Toronto, ON",Software Engineering Contractor (Intern),https://www.indeed.com/applystart?jk=6ecbe4c83dd74b37&from=vj&pos=bottom&mvj=0&spon=0&sjdu=YmZE5d5THV8u75cuc0H6Y26AwfY51UOGmh3Z9h4OvXhLYzT9aFFkZ8qmwnipezzD_87dKiWFnnE_5ct7JSNV_nDVZeiWl8Rg9ESn397Xrc7GD7OIXhXWn32XIXk0G_Rr0tyz5qCl5rS6AtXF-I4AyfdP-r2w9GUJQdst4RL04Wyg_2d0MlmJPxQ81Mc6vDSSCITeI_Azw3KcSOf4X9Vh1Q&asub=mob&astse=7de321c7d6a39cb3&assa=1007,30+ days ago
Clear Com Research,"Saint-Bruno-de-Montarville, QC",Software Development Intern,https://www.indeed.com/applystart?jk=9ecf2bd0465d020f&from=vj&pos=bottom&mvj=0&spon=0&sjdu=YmZE5d5THV8u75cuc0H6Y26AwfY51UOGmh3Z9h4OvXgDu4HuayQY5Vchxsu9eOLHcM5txM4LpsfJzn6dX_eCS7kb4IdAJn39NXhGViBlO3ahWKkGwC3XACfZh31LkbcUIwMZT8IlBZ1n3rUtvGd2EFuQcofkWg_OsdInCplaC4AwW4F6j6Hn5bWPnq7uQoooCITeI_Azw3KcSOf4X9Vh1Q&asub=mob&astse=da2c37d058810bd4&assa=665,4 days ago
NOKIA,Canada,Software Development Co-op/Intern,https://www.indeed.com/applystart?jk=781764c73710a950&from=vj&pos=bottom&mvj=0&spon=0&sjdu=YmZE5d5THV8u75cuc0H6Y26AwfY51UOGmh3Z9h4OvXiI5Cz54sQEz5MKCPMOmRbQpyx8QyIEXB68JqMShYgl8WhORO0yyJ4Py68YrThSP5SUh6odI5e7QkfydoIZJcmcPd2pBAHS_KKxA36f2R6yJJ5_Vs4UIr-fZV8tNvKbeM93r6HWZpNQCUIPsSFYdn1TCITeI_Azw3KcSOf4X9Vh1Q&asub=mob&astse=90688dce89c54201&assa=3514,30+ days ago
TikTok,"Vancouver, BC",Backend Software Engineer Intern (Data-TnS-Eng-Core Safety) - 2025 Start (BS/MS),https://www.indeed.com/applystart?jk=ab29b5da53081217&from=vj&pos=bottom&mvj=0&spon=0&sjdu=YmZE5d5THV8u75cuc0H6Y26AwfY51UOGmh3Z9h4OvXjXnli7PoQMfgqm9CwbipWiV7d870u4ysa2MV-KqUl3s6Yf2Lki26lJzuq6mi_MLKsHu8kKZ-fv5lGAf94U32PLKNQ5mh9TCI0V0BL1HyqXE787eWNK0gDDPi70kj8aOZIW-bdotdiJvSxXiPWJOOZ-CITeI_Azw3KcSOf4X9Vh1Q&asub=mob&astse=eda6eb209d1339fb&assa=3302,26 days ago
Google,"Toronto, ON","Software Developer Intern, BS, Summer 2025",https://www.indeed.com/applystart?jk=8b13aa2c0179f411&from=vj&pos=bottom&mvj=0&spon=0&sjdu=YmZE5d5THV8u75cuc0H6Y26AwfY51UOGmh3Z9h4OvXhKJd-WmfFdpNvzJ-PFtrgzOG0ewxereo2pltsLQo3npjF-ApiI_x6TIyeBwTUAlhhnYo4PE8eFkupu3YQqV4o-p0e-c6ot6TTRk6TT-3L5O_spLHRsvBty0u7l_2r4cha6E4_WZRdEwhk85V--R_YRCITeI_Azw3KcSOf4X9Vh1Q&asub=mob&astse=ae562f165f107fd2&assa=1307,8 days ago
Electronic Arts,"Vancouver, BC",Software Engineer Co-Op,https://www.indeed.com/applystart?jk=0dcf377bfc35167c&from=vj&pos=bottom&mvj=0&spon=0&sjdu=YmZE5d5THV8u75cuc0H6Y26AwfY51UOGmh3Z9h4OvXhGqzQrtTCjIT7_K2ulXfQkHBuSB-wvKit7ZaAYtOYLdT123DhVP2-3CkB5wm8k4R5OCIu4JwfLYG-FBxdJdxptcMTMlChYJj89Mnx74VGq-1R8VQlRhjj5qb7_4XhxTmLGk85IZqohJR6quruEQEWCCITeI_Azw3KcSOf4X9Vh1Q&asub=mob&astse=10fee63ac0397913&assa=8045,4 days ago
Intuit,"Toronto, ON",Software Developer Co-op (Winter 2025 - 4 Months),https://www.indeed.com/applystart?jk=0e0cf124b053b1b0&from=vj&pos=bottom&mvj=0&spon=0&sjdu=YmZE5d5THV8u75cuc0H6Y26AwfY51UOGmh3Z9h4OvXgff2pgJ7VJnrw4yJr6qu-nzC-qmYZ8R4GNuyoxTwm0PluweulfTPpRVZ-hBRcZe9rQc_-t0Esrt-oI3s6hZ9J3KOVE6B-q5XSRmr9vvNjfUIaCv9Ga8lHthlygqsHvkPqVJfN25J86Yp40aJietLMWCITeI_Azw3KcSOf4X9Vh1Q&asub=mob&astse=0bb4cf5c81564063&assa=7414,27 days ago
